SIJ2019	builtar
101	0.1221848948374761
102	0.12304461134059332
103	0.4037035318155283
104	0.1388510735930736
105	0.08250698174006445
111	0.28936086614173223
112	0.20169206302131604
113	0.0950834846481563
114	0.09696132075471697
115	0.09658018829067373
116	0.05731440567066522
117	0.07138930148863078
118	0.07126741508347727
131	0.2377075196568978
132	0.09990802675585285
133	0.15929882697947215
141	0.18178539336840818
142	0.03870194270661837
143	0.1156784179158389
151	0.10192063393892539
152	0.10623440117560616
153	0.07263124210526316
154	0.2741276332863188
161	0.31073532231404954
162	0.3847912875121007
171	0.5781252511415524
172	0.23764981132075474
173	0.18970435568952523
174	0.16505604499912113
175	0.33412229016120065
181	3.621792686567164
182	0.16656867406923578
183	0.10336662952646239
191	4.343472154696133
192	2.3699668177770077
193	1.3617828695652174
194	0.08325310693641619
195	0.18293238307349666
196	0.17530149970005998
197	0.16938452821567285
201	0.39773263448275864
202	0.5152585714285715
203	0.2324830491673275
211	0.2194642857142857
212	0.2146985594960975
213	0.3029084265473527
214	0.13186371067333136
215	0.5671999999999999
221	0.5161511080236193
222	0.2968898881333626
223	0.2187860505561173
224	0.17874136931030135
225	1.6908950902527073
231	0.080955
232	0.9628402985074627
233	0.22660317656765677
234	0.3394384160797114
235	0.15038246268656716
236	0.42691657922350473
241	0.6319118574925211
242	0.09995804613297152
243	0.5248941426672574
244	0.2120263988312637
251	0.3063799698542958
252	0.21415219129753038
253	0.41929272567922876
254	1.6426942857142857
255	4.159567492063492
260	2.5795673923560716
271	0.4080613363963244
272	0.40649432862994994
281	0.14580431006754585
282	0.09022652631578948
291	0.03670769230769231
292	0.42183453978159124
293	0.09278242105263157
294	0.20743189082001634
301	2.524035207238924
302	1.0073109443099273
303	1.6711921314754663
304	0.3657488540556993
305	0.1608754528650647
306	0.45717011320754714
307	0.4210061924686192
308	0.6728870235546038
321	0.111404151119403
322	0.04166231155778895
323	0.21208156458164096
331	0.6292532311977715
332	0.2063441185061548
333	0.297891677268162
341	0.13489379521765787
342	0.29448367346938775
343	0.281333422415233
344	0.1619261410211879
345	0.20714096631507314
346	0.42641344323318264
351	0.31605132876409464
352	0.27726875
353	0.045290322580645165
354	0.83391
355	1.797684142574817
356	1.9223682360501588
361	0.30247790697674415
362	0.4081087242798354
363	0.9118258426966293
364	0.4504461963190184
365	0.28489704573856534
366	0.26635492063492067
367	0.6912387868080094
368	0.8514600488779464
369	0.35804178627280625
381	0.24661312714776634
382	0.638441897720271
383	0.2763542857142857
384	0.21344121112929623
385	0.5445684871447902
386	0.13458313390313392
1001	0.28062165046241405
1002	0.30067718973747015
1003	0.3923614267676768
1004	0.5098431732564059
1005	0.4188968545994065
1011	0.34611536983669544
1012	6.399574018505421
1013	0.47812646569646566
1014	0.3470917737296261
1021	0.098256
1022	0.2911446166529266
1023	0.33463028485757124
1024	0.41426987673343607
1025	0.5056421781574131
1026	0.49192325581395346
1027	0.0688932722513089
1031	0.2792824242424242
1032	0.22711097014925374
1033	0.8058204868549171
1034	0.3940852631578947
1035	0.28618246418338106
1041	0.4202482115085536
1042	0.2355325182062093
1043	0.3789721155347384
1044	0.36883115311909265
1045	0.32531620793269234
1046	0.2449885411942555
1047	0.28575853064066853
1051	0.7708025661914459
1052	0.31984818459827635
1053	0.2443837407157326
1054	0.23938003729024235
1055	0.26869359409594096
1056	0.14261019607843137
1061	0.7560375572519084
1062	0.11612886984467059
1063	0.35662382608695653
1064	0.4233373689482471
1065	0.3084197846374731
1066	0.22467382045929019
1067	0.2968078313253012
1068	0.44847837527593815
1069	0.38218433649047767
1071	0.43697336889914207
1081	0.644949460811562
1082	0.4282835743801653
1083	0.30783846153846156
1084	0.6194254762440892
1085	0.27601281199785754
1091	0.5882783539094649
1092	0.799626272439282
1093	0.9726380952380952
1094	0.3723213071023675
1101	0.4533032868217054
1102	0.2387472207517205
1103	0.597148547112462
1104	0.37975982683982684
1111	1.3224360164835165
1112	0.41622776659959754
1113	1.4013169526627218
1114	2.639800353982301
1115	0.3143710843373494
1116	0.49378172839506174
1121	7.614188283229643
1122	0.9516384732824428
1123	0.33615087856306125
1124	0.2854800805729633
1125	0.12554349171270718
1126	0.38490308340353835
1127	0.1692233523238381
1128	0.20387831886071553
1141	0.3266426941838649
1142	0.7289083346364347
1143	0.6968753302961275
1144	0.313443152
1145	0.3716295104895105
1146	0.32730390015600624
1147	0.5251906194690266
1148	0.13412886832740212
1149	0.45579779650032404
1151	0.2004021818181818
1161	0.35293974683544305
1162	0.4385197948717948
1163	0.6443832017167382
1164	0.5990388661417323
1171	1.4461661818181817
1172	0.5821429684732554
1173	0.4248745843828715
1174	0.46976690780141844
1175	0.6619687583001328
1181	0.35784665245202557
1182	0.47904283185840707
1183	0.8090325170068027
1184	0.25831861286254726
1185	0.1788
1191	0.1511532824427481
1192	0.2385066504854369
1193	1.2624207435344827
1201	0.44684367626886146
1202	0.5218615548455804
1203	0.3748442711864407
1204	0.2852712048192771
1205	0.25761055399061034
1206	0.15166556505223172
1211	0.43581008756567424
1212	0.4308142521994135
1213	0.5576549071925754
1214	0.25457413793103445
1215	0.1271388606060606
1221	0.7341011310151035
1222	0.44176747360757185
1223	0.2894885973878478
1224	0.12159428571428571
1225	0.7792684148148148
1226	0.34506196339434275
1227	0.8756357245796638
1228	5.810769319910668
1241	0.6813222814321398
1242	0.29474588991396433
1243	0.23955446893787577
1244	0.6733356261682243
1245	0.7582931418312387
1246	4.425837742127676
1247	0.8722093880068204
1248	1.6948769522506744
1261	0.3648654545454545
1262	0.8379072746060449
1263	0.2808010945273632
1271	0.6192661395348837
1272	0.5080521837776517
1273	0.1595463666666667
1274	0.6637771766694844
1275	0.3507499888765295
1281	0.6447364013266998
1282	0.6172621741894468
1283	0.0949062176165803
1284	0.5046664578069733
1285	0.29307764705882355
1286	1.37121196054254
1287	0.3276677720207254
1291	0.4184277403451109
1292	0.6625037996661102
1293	0.425246031496063
1294	0.5361692257001647
1301	1.2308604765817583
1302	1.061162830238033
1303	0.16709851197982345
1304	0.9199015648761344
1311	0.23338782558139534
1312	0.5331949685534592
1313	0.1954940793045351
1314	0.575819375
1321	0.8991292059838896
1322	0.28836557883131203
1331	0.8508622222222223
1332	0.42795966942148755
1333	0.6555026548672567
1334	0.1833159420289855
1335	0.24675867298578202
1336	0.181632
1337	0.15793333333333331
1340	1.0259657965451057
1351	2.078559415151489
1352	2.909138375854133
1353	4.184869189946242
1354	3.8145282374571265
1355	0.18451914893617022
1356	2.79499262686912
1357	0.204375
1358	4.00731
1371	0.095285
1372	0.45845885230479777
1373	0.6215175853018372
1374	0.5221340192043895
1375	0.31398259365994236
1381	0.6253182141380736
1382	0.06206250000000001
1383	0.6974230582320904
1384	0.3204924940617577
1391	0.48203723870532705
1392	0.9670909791069234
1393	0.5048470764430577
1394	0.3956330745841531
1401	0.35405119588512646
1402	0.5269389865563598
1403	0.3108952777777778
1404	0.498785637495903
1405	0.9651613592233009
1411	1.13781
1412	0.9397890604026845
1421	0.39909861652377243
1422	0.316026262434865
1423	0.5788672566371682
1424	0.36327548142532223
1431	1.1123033810888252
1432	0.4219124186633039
1433	0.7972679999999999
1434	0.29469817411150967
1435	0.3962647482014388
1436	0.9978236085626913
1441	6.063217854077253
1442	0.1755868695652174
1443	0.20907236842105265
1444	0.17197672609400325
1445	0.473203128326434
1451	0.9056660902977905
1452	0.310605
1453	0.38182730781812235
1454	0.2719901403294692
1455	0.24984127981384524
1461	0.5791495827725437
1462	0.04796303448275861
1463	0.6528443440486533
1464	0.46673787586206894
1465	0.3294316
1471	0.47925224955009
1472	0.4827814545454545
1473	0.6477157894736841
1474	0.5289704495977283
1475	0.22785918407960198
1476	0.3023383747178329
1477	0.395715806805708
1478	0.672785501489573
1491	0.5742488593099196
1492	0.4621948162111216
1493	0.21097862068965517
1494	7.664073939393939
1495	0.3263975016350556
1496	0.4650713088732761
1497	0.24711235
1498	0.2546655231560892
1499	0.5135099692937564
1511	0.6394396261682244
1512	0.24244417910447763
1513	0.26506478873239436
1514	0.16475954848640328
1515	0.09890764009471191
1516	0.43778784045315083
1520	4.608547155234657
1531	0.47842012601260125
1532	1.531117454271389
1541	0.15754116591928252
1542	0.35253046145188516
1543	0.33098039125431533
1544	0.4675725646551724
1545	0.3601851038338658
1546	0.49059940159574467
1547	0.2947620696142991
1548	0.5546870261612387
1561	0.20017384615384615
1562	0.5783288372093023
1563	0.586569365573378
1564	0.431290661831369
1565	0.7298372958995198
1570	1.3135000000000001
1581	0.78948
1582	0.16917679012345677
1591	0.6565555947136564
1592	0.7465511688311688
1593	1.6691340157480314
1601	0.0396
1602	0.6258251455180442
1603	0.22989668341708544
2001	0.9733253273714468
2002	0.24417725162488393
2011	0.1876514071294559
2012	0.20312785949506038
2021	1.941357928108953
2022	0.46457236862147755
2031	0.8806383809942807
2032	0.5501706877783276
2041	0.5313509266943292
2042	0.43137497762307314
2043	0.668295294117647
2051	0.3565979501860864
2052	1.0952393984962407
2061	0.9126763796909493
2062	0.40795369052379044
2071	0.7479011581442601
2072	0.38933469415343025
2081	1.0335365181711607
2082	0.381560027100271
2083	0.29901015963511973
2090	0.6388378216636745
2100	1.0333427137809186
2110	0.9034925746430117
2120	0.6633933333333333
2131	1.0839471959352176
2132	0.18154035398230087
2141	1.3536292837465564
2142	0.45304134842282684
2143	0.6758531891394386
2151	0.5542225732316096
2152	0.1962683597883598
2153	0.2580328915944744
2161	1.068530576288398
2162	0.4370541714285714
2163	0.20000625916870415
2171	0.43684665224445646
2172	1.9785747003154577
2181	0.2658664666666667
2182	1.0225073094867807
2191	1.4341005938436393
2192	0.7469530544309492
2201	4.170140631995201
2202	0.18243692972015985
2203	0.4140252788104089
2211	1.1018789646133682
2212	0.148005
2220	0.7414643018867925
2231	1.0668764479682853
2232	0.87923656405399
2233	0.5997413333333333
2241	0.5293032283464566
2242	0.5777009569377991
2243	0.6574878325859491
2251	1.0826333229329173
2252	0.36713777103866563
2253	0.7397176344936709
2261	0.9798969895536561
2262	0.9452078678678678
2263	0.43135503480278425
2264	0.6182818064516129
2265	0.3450554520037279
2271	0.4736040344652813
2272	0.9996832463768116
2273	0.17114655737704917
2274	0.4425513513513513
2281	0.4128198884148343
2282	0.8442862427745664
2291	0.12471464646464647
2292	0.40042318425760287
2301	0.23832115384615388
2302	0.10242397801099451
2311	1.2054472296601442
2312	1.0816697881828317
2321	0.5419130434782609
2322	0.42354241425389755
2323	0.7748541989319092
2330	2.174762264150943
2340	0.44383858773181173
2350	0.4648354572624029
2361	0.5091554117087101
2362	0.6186497552670781
2370	0.60765977248597
2381	0.47002374253483736
2382	0.6899136575958861
2391	1.091904
2392	0.9579688018979833
2393	0.2670698552821997
2401	0.23175595570788296
2402	0.2956701766077974
2403	0.05607189583333333
2411	0.40846225680933856
2412	0.5808362448979592
2413	0.41190624235006124
2414	0.43289004115226337
2421	9.487821380404663
2422	1.0146923422233958
2431	0.6132151969981239
2432	0.7587864516129033
2441	0.25861471004243286
2442	0.0902
2443	0.4723984219554031
2451	0.9048836961325968
2452	0.35606666666666664
2461	0.5640602855200544
2462	0.7687173754940712
2463	0.6564883821656051
2471	0.7235602617801047
2472	0.3435874509803921
2473	0.7051698810356893
2474	0.3832877192982456
2481	2.5966099999999996
2482	1.1608824615384614
2483	1.6565607768744355
2490	3.3712874452554744
2501	0.9532158174904943
2502	0.3001025396825397
2511	0.15163909090909092
2512	0.0911263387978142
2513	0.6107415088757396
2521	0.2371567816091954
2522	0.250317552742616
2523	0.35916679245283023
2531	0.6750262857142858
2532	0.4967320930232558
2540	0.7160712075198843
2551	0.8817012114014253
2552	2.0244133333333334
2561	0.6923528200427742
2562	0.45999592383638926
2563	0.28575065420560747
2571	1.7408913153153152
2572	2.3365147477744803
2580	0.8833900787401575
2591	0.8684520833333333
2592	0.8621313967073818
2601	2.320440850299401
2602	0.47566265957446807
2611	0.15250666666666665
2612	0.5608138461538461
2613	1.0253794736842106
2614	0.9787468644067797
2615	0.2896952380952381
2616	0.07092727272727273
2621	0.17572
2622	0.26694929824561403
2631	0.5845503980404164
2632	0.3547977961432507
2633	0.5382199115044248
2634	0.11022575725026854
2635	0.34128574162679426
2641	0.8648520093095422
2642	0.4639053571428572
2643	1.4371068321747766
2651	0.8426346385052803
2652	0.27193784431137724
2661	0.11407414012738853
2662	0.9411147219193021
2670	0.566228111273792
2681	0.13987071470075538
2682	0.7199614545454546
2683	0.1608673417721519
2691	0.1853498921949116
2692	0.1709573971452561
2693	0.20730140007527287
2694	0.8736695030038231
2695	0.5185761373390558
2701	0.43669469879518075
2702	0.34804185393258424
2703	0.4707317793103449
2711	0.3614681120943953
2712	0.5667179764243615
2713	0.22994192307692307
2714	0.26970408223201175
2715	0.34306922252010724
2721	0.2032
2722	0.36619833333333335
2723	0.49408259685863876
2724	0.23515093333333334
2725	0.35320217043966057
2731	0.15732
2732	0.29472786885245905
2733	0.13793076923076922
2734	0.7420471177410762
2735	0.5986749729729729
2741	0.8265491379310345
2742	0.4240224453024453
2751	0.9803239626168224
2752	0.7889232040903281
2753	0.3341636559139785
2761	0.9370029629629629
2762	2.293409090909091
2763	4.79746939925489
2764	0.5392266666666666
2765	0.32016
2770	0.5334677333333333
2781	0.5252092307692308
2782	0.8130794788273616
2783	0.610056230031949
2784	0.8233993288590604
2785	0.9206057142857145
2791	7.827790172005725
2792	4.917947363046431
2801	0.6366751898734176
2802	0.27073756756756756
2803	0.07236000000000001
2804	0.06006
2805	0.027706651493239094
2806	0.27944
2807	0.31109481481481477
2808	0.6607959745762712
2809	0.12940697674418605
2821	0.4132
2822	0.17535185185185187
2830	0.5468040000000001
2841	0.11932137931034484
2842	0.146028
2843	0.042194999999999996
2851	0.1602509090909091
2852	0.8283739074960128
2853	0.6368400000000001
2861	0.28857499999999997
2862	0.4197078504672897
2863	0.6800661818181818
2864	0.498096029143898
2865	0.20992
2871	0.6544266666666667
2872	0.2929305263157895
2881	0.0744
2882	0.3066861428571429
2883	0.31793367875647666
2884	0.41816238095238095
2891	0.9988228327645051
2892	0.3393908256880734
2893	0.647850593220339
2894	0.5051093378607809
2895	0.9116222047244095
2901	0.7616190308370044
2902	0.973832
2903	0.58384
2904	0.7934456962025317
2905	0.4957332705248991
2911	0.512006625
2912	1.0816167572156197
2913	1.0532
2914	0.5602041935483871
2915	0.45759861060329066
2921	0.8322018264840183
2922	0.2826943554006969
2923	0.27560552147239264
2924	1.1778105521472393
2931	0.573893670886076
2932	0.811252923076923
2933	0.2768036363636363
3500	1.0259084427767355
3510	0.8794793258426965
3521	0.16910817120622568
3522	0.1884975355450237
3523	0.1294595918367347
3524	0.3968512974404237
3525	0.34583288409703505
3531	1.313922407079646
3532	0.2279226229508197
4001	2.3007844363636365
4002	1.9965556815698744
4010	0.6438917527764365
4021	0.51378505629478
4022	0.4791676136363636
4031	0.9518495758718191
4032	0.36311820754716984
4033	0.2837929818342933
4034	0.3438015770609319
4041	0.4859062702702703
4042	0.5655955111111111
4050	1.051604973973395
4061	1.2384352873563218
4062	0.2456889241223103
4071	0.27298075471698113
4072	0.08511107883817426
4073	0.09915488908606922
4074	0.13744491174213352
4075	0.1396320987654321
4076	0.07754769825918761
4077	0.30526462411347516
4078	0.07111116279069768
4079	0.07864804387568557
4081	0.046595537848605574
4082	0.12247826086956522
4083	0.13624734232274902
4084	0.18318643636363638
4091	0.49310249999999994
4092	0.3706174749913763
4093	0.9559350669818756
4094	0.2452032786885246
4095	0.16752430051813472
4096	0.12679390036452004
4101	0.711421008475686
4102	0.1821569956140351
4103	0.09199315315315315
4104	0.3847162121212121
4105	0.18618371752165225
4111	0.8694669662921348
4112	1.0807731161780672
4120	2.0059153222531396
4131	0.7511744463373083
4132	0.3599721452145214
4140	0.6565442442748091
4150	1.5108796390484005
4160	11.572836090225563
4170	2.1876947601476013
4181	0.4469485409252669
4182	3.4735689987686706
4190	1.6694143333333333
4200	0.47346084367245655
4211	1.4885502702702702
4212	0.7355258536585365
4213	0.26710243902439024
4214	0.30044377358490565
4220	1.2439570680628274
4231	2.226882908412957
4232	2.636561382320844
4233	3.558047028593201
4241	0.9349425544267054
4242	0.5418132769044739
4250	6.4016136585365855
4260	0.8919728803545052
4270	1.0379632558139533
4281	0.16124242424242424
4282	0.09792682926829269
4283	0.4690732536520585
4284	0.1848241379310345
4285	0.34500129032258064
4291	1.3319867452135494
4292	0.22449424657534245
4301	0.0356
4302	1.6267590643274854
4303	3.310819336492891
4311	0.5442854605263158
4312	0.38777052631578945
4321	7.792289373391852
4322	2.210820652173913
4323	0.7184412303290415
4324	0.6981498874236088
4325	1.79372173012939
4331	0.15422081577767816
4332	1.8859919046882911
4333	0.08288204506065858
4334	0.10081376518218624
4341	0.38665113183743355
4342	0.12247069090909092
4343	0.5486437299035369
4344	0.2822192802056555
4345	1.1832860655737705
4346	0.4566198675496688
4347	0.46284923076923074
4351	0.5730408996145427
4352	1.2623052153040468
4353	0.537536
4354	0.3240979439252336
4355	2.696301052850187
4356	0.11716521739130437
4357	0.08491311111111112
4358	0.2893009771986971
4359	0.09799304347826086
4361	0.6338434831460674
4371	0.944592789968652
4372	0.5693792828224407
4373	0.5120646153846153
4381	1.281982420212766
4382	0.17038422818791943
4383	0.905216062992126
4391	0.4324219047619048
4392	0.2705410511363636
4393	0.4216399405351834
4394	0.26493949514563103
4401	0.7262693793103447
4402	0.28885169811320754
4403	0.1634642857142857
4404	0.33689025974025977
4405	0.09300813082927818
4406	0.27368021804879694
4407	0.39368
4408	0.39381952461799663
4409	0.3992414248021108
4421	0.27013446494464943
4422	1.1632314285714285
4423	0.15410723549488053
4424	0.7846000956937799
4425	0.29560019264448334
4426	0.09067777777777777
4427	0.4586617438692098
4428	0.3108624363233666
4429	0.2348608849557522
4431	0.18986045174537988
4432	0.432400218579235
4433	0.25085838613269573
4434	0.24464345443716498
4441	0.316431649122807
4442	0.14744047358834245
4443	0.44897999999999993
4444	0.12166720257234725
4445	0.4315740740740741
4446	0.15070108695652173
4450	0.25529090128755366
4461	0.12118656716417911
4462	0.4726286269744836
4463	0.841791551724138
4471	0.8135772661870504
4472	0.5888002436053593
4473	0.39180399999999993
4474	0.6134013305613305
4481	0.5447979585798817
4482	0.24956828828828828
4483	0.3847451536643026
4484	0.10287894736842107
4485	0.1513363041182682
4486	0.14604857142857144
4487	0.26650590111642747
4491	0.24940163096060813
4492	0.2542329988331388
4493	0.11893538945712037
4494	0.15257551020408164
4495	0.15982963758389263
4496	0.04673229885057471
4497	0.036295578947368415
4498	0.10808970131421744
4499	0.14943096774193548
4511	0.3156588770864947
4512	0.13714520547945205
4513	0.26940653950953675
4514	0.06890098113207546
4515	0.2596101310043668
4521	1.3799745454545456
4522	0.6987187077385425
4523	0.6918755555555556
4531	1.5292990979381444
4532	0.22064608695652174
4533	0.992470909090909
4534	0.46504886098654713
4535	0.6763689515749882
4541	3.090903899161965
4542	0.4814708747855918
4543	0.2748236774193548
4551	0.7268556818181818
4552	0.48035346125461253
4561	0.5905685384615386
4562	0.8761482311977716
4571	0.5926057916102841
4572	0.31532470588235295
4573	0.3177474429967427
4574	0.3724617328519856
4575	0.24359999999999998
4581	4.120871571896784
4582	0.18280851063829787
4583	1.0070033333333335
4584	0.07648807631707893
4591	0.19147992047713716
4592	0.5528803202479339
4593	0.5014454508196722
4594	0.2003175
4595	0.3256718681318681
4601	0.22386836197021764
4602	0.21895422680412369
4603	0.15497214835549336
4604	0.5833601938610662
4611	0.81333903930131
4612	0.6338730551626591
4621	1.1116154253611559
4622	0.6426891428571428
4623	0.3377158333333333
4630	1.6713944592249856
4641	0.648830651989839
4642	0.12038183574879227
4651	0.28613974182444063
4652	0.4962539751146038
4661	0.3769636129032258
4662	0.6102148819400128
4663	0.48112907868190985
4664	0.18465424584717607
4671	0.415396170678337
4672	0.3529522041763341
4673	0.2596356053811659
4680	0.6534412008005337
4690	1.1480648648648648
4700	0.9964726496378193
4711	0.3526599564744287
4712	0.7336678113485631
4713	0.5394100063734864
4720	1.2486677773195876
4731	0.45770511463844793
4732	0.16584653610771113
4740	1.202195232323232
4751	0.8882639999999999
4752	0.7982904821327282
4753	0.533475855513308
4761	0.30352727272727276
4762	1.9331347501469724
4771	0.4204125
4772	0.9589435031847133
4781	0.4595993258426966
4782	0.2808
4790	0.515312340425532
4801	0.9466026635899127
4802	1.1714018181818182
4810	1.3584743206854344
4820	0.6896276102088168
4831	0.4001357362637363
4832	0.5300902740688687
4833	0.546605838150289
4841	0.22148281081081084
4842	0.5315580892358295
4843	0.6998529866708063
4844	0.9798868776012585
4845	0.5769094736842105
4846	0.47756627421383646
4847	0.11607176555716353
4848	0.10903683890577508
4849	0.12468138613861386
4861	0.6192895681063123
4862	0.442173415061296
4870	1.6704994849519081
6000	2.428497790368272
6010	1.022871961414791
6021	0.6895068443367656
6022	0.35119264314632737
6023	0.2600587631763879
6024	0.6178991741741742
6025	0.32587441860465116
6026	1.1476517045454546
6030	2.0017196707818927
6040	4.016870110375276
6050	0.9327144776119403
6061	0.5208403319977103
6062	0.14794627306273064
6063	0.10844402420574886
6064	0.6400137827715356
6071	0.15451844660194175
6072	0.055630769230769234
6073	0.24880203045685279
6081	0.19031388753056236
6082	0.10823249097472924
6090	4.320419002375297
6100	2.2598166827697264
6111	1.3399872
6112	0.42618136363636366
6121	1.1729489655172414
6122	0.7476467741935484
6131	0.5578915662650602
6132	1.1877957142857143
6141	0.38321565217391307
6142	0.2130411111111111
6143	0.5652520000000001
6151	0.1697142857142857
6152	2.1875958259149355
6160	5.7515234075211055
6170	2.3468513011828933
6180	0.2981658278145696
6190	3.1341064951768485
6201	0.3842556783919598
6202	0.4298434782608696
6203	0.42711375
6211	0.35970578512396695
6212	0.30218285714285714
6213	0.8596119365079364
6221	0.3145748148148148
6222	1.4124988912579957
6223	0.3163504972375691
6224	0.2687688888888889
6225	0.7756080991735538
6231	0.17795405940594058
6232	0.5712075
6241	1.0744171851851851
6242	0.4091704109589041
6243	0.3248
6251	1.7339051445086704
6252	1.0461318936877078
6261	1.3757777777777778
6262	0.3213146
6263	0.549885
6271	0.22235758064516126
6272	0.3337905405405406
6273	0.3248437735849057
6274	0.34494775583482945
6275	0.33205238095238093
6281	0.29899155963302754
6282	1.4556938891276323
6291	0.7822385185185186
6292	1.0779448665620095
6293	0.40503999999999996
7001	0.6742211583011584
7002	0.47035981651376146
7011	0.58496
7012	0.7267764705882354
7020	0.4530440506329114
7031	0.45172421052631573
7032	1.1999547732181426
7040	0.536830985915493
7050	0.9378942319749216
7060	0.5271440963855422
7070	0.5251921610738255
7080	0.530126170212766
7091	0.37018036281179134
7092	0.3378194319880419
7093	0.363655
7094	0.37488731645569623
7101	0.22160747603833866
7102	0.2738190967741935
7110	0.5384987234042553
7120	0.5475433333333334
7131	1.3891357281553398
7132	0.21182818181818183
7140	0.5031718787878788
7150	1.1277833271028037
7160	0.39004184210526316
7170	1.0927218699186991
7180	1.3155036363636363
7191	0.46464090909090905
7192	0.5891801247077163
7193	0.2809143915343915
7200	0.6187303198294243
7211	0.822761038961039
7212	0.3188665300546448
7213	0.3726858278145695
7221	0.4611444863336475
7222	0.672597
7231	0.7842843664122138
7232	0.4407283438155136
7233	0.4027832432432432
7234	0.48206323232323234
7241	0.4948329411764706
7242	1.38762813559322
7250	1.6933401960784313
7261	0.27337094668117523
7262	0.42364929936305734
7263	0.47518646492434663
7270	0.25854784810126585
7281	3.115284358523726
7282	0.8792341040462428
7283	0.6331849593495935
7290	0.4674157446808511
7301	0.6977
7302	0.18044520547945206
7310	1.6661860273972604
7320	0.22404489795918367
7331	0.2536840512820513
7332	0.21666047904191615
7333	0.4611352212389381
7341	0.7213820388349514
7342	1.3790837127845883
7351	0.7188379487179488
7352	0.34343999999999997
7361	0.27631800000000006
7362	0.16964285714285715
7371	0.3480461788617886
7372	0.5499541621621622
7381	0.5493185454545454
7382	0.7586846846846846
7383	0.5819270731707318
7391	0.3591923076923077
7392	0.2595063829787234
7393	0.22472521246458924
7394	0.24421670886075947
7395	0.19548000000000001
7396	0.23578333333333332
7400	0.8885512962962963
7410	0.8206731313131312
7420	0.895767659574468
7431	0.48420341463414635
7432	0.49192957746478877
7441	0.5132443076923077
7442	0.3534980952380952
7451	0.286
7452	0.6249305263157895
7453	0.5446031746031745
7460	0.3266284
7471	0.456
7472	0.5713965714285714
7473	0.6643356097560975
7480	0.30425901639344266
7490	0.9052105263157895
8001	0.47276
8002	0.7630314873417722
8003	0.1419
8011	0.23573333333333335
8012	0.25298119658119655
8013	0.4042058851674641
8014	0.1304
8021	0.635711214953271
8022	0.07978461538461538
8031	0.2500490322580645
8032	0.42024833333333333
8041	0.1971184573002755
8042	0.48837932938856016
8043	0.25497119170984456
8051	0.27157086294416244
8052	0.25844433333333333
8053	0.30881383177570093
8054	0.07773333333333333
8055	0.53289
8056	0.15392178770949722
8057	0.7360433634311512
8058	0.3162693512304251
8059	0.3596427586206897
8061	0.17971742331288346
8070	0.9851524137931034
8081	0.5747945695364238
8082	0.43784959537572254
8091	0.18339395604395603
8092	0.553177868852459
8100	0.16861702127659575
8111	1.6531327397260274
8112	0.9328719602977668
8121	0.2985025531914894
8122	0.25036153846153847
8123	0.142672131147541
8124	0.2770942779291553
8125	0.2861620183486238
8126	0.3223441647597254
8127	0.2168602898550725
8128	0.22885555555555553
8141	0.34479000000000004
8142	0.470412
8150	0.09297777777777778
8161	0.14559624999999998
8162	0.013458461538461539
8171	0.098
8172	0.052
8173	0.5289450887573964
8174	0.18975
8181	0.2795267307692308
8182	0.198468679245283
8191	0.28898625
8192	0.30394771653543307
8200	0.4884820817843866
8211	0.22214716981132077
8212	0.45226446043165464
8213	0.1595326530612245
8214	0.1692
8215	0.23513770700636943
8216	0.07466222222222221
8217	0.052865
8218	0.02529
8230	0.17586666666666667
8241	0.35152317596566524
8242	0.22654089552238807
8251	0.3469121951219512
8252	0.7507707913669064
8253	0.05948181818181818
8261	0.5035444776119402
8262	0.11728636363636363
8271	0.6351582375478927
8272	0.5996280049875312
8273	0.6075655555555555
8274	1.250832
8281	0.21296481927710842
8282	0.1633701030927835
8283	0.9258773913043479
8291	0.454362
8292	0.09197999999999999
8293	0.06534000000000001
8301	0.6681111111111111
8302	0.2712051282051282
8303	1.1254285714285714
8304	0.47053237113402063
8305	1.2534649649368865
8306	0.3944783661971831
8311	0.6228146192893401
8312	0.4565215890410959
8313	1.3110463594852635
8314	1.5964533333333335
8315	1.0899883188044832
8321	0.2398655593220339
8322	1.4569506530612246
8323	0.15108923076923075
8330	0.29049103448275865
8341	0.27411189873417724
8342	0.8377104225352112
8343	0.3361392438563327
8344	0.22117333333333333
8351	0.09225363636363636
8352	0.38308196721311477
8353	0.5503893484419263
8354	0.5239137288135594
8355	0.4814466666666667
8361	0.41667438596491224
8362	0.118
8371	0.22948481012658228
8372	0.3047791358024691
8373	0.28152288288288285
8374	0.04125818181818182
8375	0.17565913043478262
8381	0.4323504761904762
8382	0.46956138728323704
8391	0.5779126595744681
8392	3.6021231999999994
8393	0.7205695141700406
8400	0.6259629473684211
8410	0.6193590532544379
8421	0.057612413793103445
8422	0.5519410264385692
8423	1.0443026670850328
8424	0.16003825503355704
8431	0.24995271535580527
8432	0.24758065217391304
8433	0.43615402597402597
8434	0.6759774350649351
8441	0.8896160000000001
8442	0.143081652892562
8443	0.15965967689822294
8444	0.36966918518518516
8451	0.37978480000000003
8452	0.21551873278236916
8453	0.019106440677966102
8460	0.7934164143426296
8471	1.1686109871244637
8472	0.3308438709677419
8481	0.71820328125
8482	1.3496376923076923
8483	0.2057031884057971
8491	1.2321435754189944
8492	0.6388754838709677
8493	0.41370439024390243
8494	0.6074714285714286
8495	0.17520507936507937
9001	0.3794094273127753
9002	0.3796683798882682
9003	0.4704507552870091
9004	0.1861097196261682
9005	0.3396955066079295
9006	0.6436712499999999
9007	0.897448479880775
9008	0.7960586897179254
9021	0.6251118644067797
9022	0.153824
9031	0.9905651063829787
9032	0.0184
9041	0.4185588
9042	0.2625406956521739
9050	0.13892000000000002
9061	0.26061333333333336
9062	0.26669333333333334
9071	0.2794188679245283
9072	0.3070809937888199
9073	0.3484098333333333
9081	0.2854119626168224
9082	0.4717920276100086
9083	0.4913746704067321
9084	0.5969328607594937
9085	0.4754315677321157
9086	0.30985359649122807
9087	0.4847582706766917
9088	0.166719109947644
9089	0.2565759574468085
9101	0.28825463414634145
9102	0.23195510204081635
9110	0.2526520634920635
9121	0.18183384615384615
9122	0.32258815286624204
9123	0.3008
9131	0.45254465753424655
9132	0.4672821052631579
9141	0.308666301369863
9142	0.36898615384615385
9150	0.44102787499999996
9161	0.7521482926829268
9162	0.39751817351598173
9170	0.5971964238410596
9181	0.5155336986301371
9182	0.7964048379052369
9191	0.3930938666666667
9192	0.3164634482758621
9201	0.5436311475409836
9202	0.28079333333333334
9203	0.02272
9204	0.49252969696969695
9211	0.2239328205128205
9212	0.6003271906354515
9220	0.07836181818181819
9231	0.3142542857142857
9232	0.4878342857142858
9233	0.18766222222222223
9240	0.671824
9250	1.1775705333333333
9261	0.5734769648924122
9262	0.7492512195121952
9271	0.35835118881118877
9272	0.40917000000000003
9273	0.6268458823529411
9274	0.3736371806167401
9281	0.7302036372745491
9282	0.2785666666666667
9283	0.11816312925170068
9291	0.3496825
9292	0.2974552849740933
9301	0.5306899870633893
9302	0.274377358490566
9303	9.351285704119858
9304	0.7365676521739131
9305	0.17585894736842106
9306	0.19223246073298428
9311	1.007122162162162
9312	0.347136815920398
9321	0.48484751529987763
9322	1.5975748057259713
9331	0.54351400132714
9332	1.7923168421052633
9341	0.037901014492753626
9342	0.20448344370860927
9343	0.6961422701949861
9351	0.1434734328358209
9352	0.6992480536912752
9360	0.3495794029850746
9370	1.0491652962515117
9381	0.9070075664621677
9382	0.5975723105706268
9391	0.450835156102176
9392	0.3543771
9393	0.15476307692307692
9400	0.8821970328638498
9411	0.42806500000000003
9412	1.197878797417272
9421	0.16523848101265823
9422	0.3343352380952381
9431	0.093805
9432	0.12869999999999998
9433	0.2734393969849246
9440	0.6153688888888889
9451	1.4020548031496065
9452	0.2869503092783505
9460	3.486965544827586
9470	2.127821550553769
9481	0.21237999999999999
9482	0.45060909090909085
9490	0.5274637037037038
9501	0.1287256551724138
9502	0.3995494736842105
10001	0.18061162646876933
10002	0.38011964566929135
10003	0.24595378486055777
10004	0.5220039024390244
10005	0.26063
10006	0.0913723076923077
10011	0.27437264994547433
10012	0.18730601792573623
10013	0.13567918781725888
10021	0.34948603174603177
10022	0.3363327868852459
10030	1.255901690962099
10040	0.872685
10050	0.019227012987012987
10061	0.17719238918918917
10062	0.5151011275964392
10063	0.44831874999999993
10071	0.3489924541607899
10072	1.4989033513513514
10073	5.832631693336703
10074	0.26139757303370786
10081	0.18350166666666667
10082	0.1957396835443038
10083	0.3371727553648069
10084	0.5473037819799778
10091	0.25943421714285714
10092	0.3438894933920705
10101	0.3050911664295875
10102	0.08053276353276353
10111	0.7498579613095239
10112	0.17185573366214552
10113	0.23087479289940827
10121	0.2492235668789809
10122	0.18889211600429645
10123	0.3039470081490105
10131	0.21859163498098858
10132	0.18774716192687174
10133	0.5319474523160763
10134	0.1683
10141	0.43816882211538466
10142	0.8486719537100068
10143	2.6811555555555557
10144	0.505004607329843
10151	0.5318153846153846
10152	0.76305
10161	0.31392
10162	0.21030486486486488
10163	0.1635848833592535
10170	0.6320331866892273
10180	0.28639553685897434
10191	0.15426028169014086
10192	0.29736453645364536
10201	0.30716666666666664
10202	0.07840560170394036
10203	0.06190800432666307
10204	0.048674788069073785
10205	0.15398892086330934
10206	0.09462392776523701
11001	0.2770313402061856
11002	0.3054387096774194
11003	0.3099610218978102
11004	0.5484561153519932
11011	0.3933927560718057
11012	0.12183143518518519
11013	0.2736987012987013
11014	0.06497288753799393
11015	0.19992708860759495
11016	0.07706522123893805
11021	0.21879224586288418
11022	0.20146552529182882
11023	0.20605798165137615
11024	0.39096827586206895
11031	0.23482810256410258
11032	0.45867850299401197
11041	0.10181597528684908
11042	0.0842618947368421
11043	0.13129909365558912
11044	0.10210408602150538
11045	0.1715328875379939
11051	0.3282087272727273
11052	0.2484365302782324
11053	0.2213890786516854
11054	0.061097727272727276
11060	0.21439893333333332
11070	0.829667544539117
11081	0.38950664310954064
11082	0.4340539818417639
11091	0.8119242331288343
11092	0.21369659770114943
11093	0.15064533333333333
11094	0.09682462311557788
11100	0.7979411538461538
11111	0.7994847204968945
11112	0.38061772540983607
11113	0.4301432763819096
11121	0.3353958223684211
11122	0.38807586577181213
11123	0.41420459081836325
11130	1.5756697773475312
11140	1.375208379204893
11150	0.6195417821782179
11161	0.2928328205128205
11162	0.47191259060402685
11170	0.35911469135802465
11181	0.3938631426985008
11182	0.4628603041825095
11190	0.9722008645533142
11200	0.3847072881355932
11210	0.9632295608108109
11220	0.759638
11231	0.21834462100456623
11232	0.14806360576923078
11233	0.49762166666666663
11241	0.37688413284132843
11242	0.4496240802675585
11251	0.22963719999999999
11252	1.17684
11253	2.9914566101694913
11260	0.1906660465116279
11270	2.8174825
11280	0.528549724072312
12000	1.5397942857142857
12011	0.10574508474576272
12012	0.28559151515151515
12013	0.23663845070422534
12014	0.2196
12015	0.1371
12016	0.3450469945355191
12021	0.35261373390557943
12022	0.7062649541284404
12023	0.6311227071823204
12030	2.029104
12040	0.3940517142857143
12051	0.18995878787878784
12052	0.09790825688073396
12053	0.38922418079096044
12054	0.010644827586206896
12055	0.13891612903225806
12056	0.04844818181818182
12061	0.9852342857142858
12062	0.36620125984251967
12063	0.32677195121951225
12071	0.46713333333333334
12072	0.6803971929824562
12073	1.0142642391304348
12080	0.6839731707317074
12090	0.9242465040650407
12101	0.5631127272727273
12102	0.4171688888888889
12111	0.33131984848484847
12112	0.07498105263157895
12113	0.09716666666666668
12114	0.507399076923077
12121	0.3061413612565445
12122	0.8701124050632912
12123	0.6805724907063198
12131	0.26806746268656717
12132	0.23495761827079933
12141	0.22727249070631972
12142	0.34277744680851063
12143	0.33639230769230766
12144	0.5299286115444618
12145	0.7061823548387097
12146	0.37164
12147	1.1708750291262136
12151	0.26958677966101696
12152	0.13514666666666666
12153	0.22431999999999996
12154	0.42289071428571434
12155	0.15400700460829492
12156	0.42719699999999994
12157	0.6799599999999999
12161	1.1010738604651162
12162	0.6257456637168142
12171	0.22833928571428572
12172	0.5083821395348836
12180	0.06111
12191	0.2506416
12192	0.4538194736842105
12193	0.2264
12194	0.22624540540540541
12201	0.4302367567567567
12202	0.5744086956521739
12203	0.995275067264574
12211	0.5738359183673469
12212	0.50524875
12221	0.46145548387096774
12222	0.607959024390244
12223	0.43068923076923077
12231	0.7262222222222223
12232	0.9688440594059406
12241	0.5372921465968586
12242	0.26271353658536584
12251	0.9762738461538463
12252	0.3449333333333333
12253	0.15672
12261	0.5930295652173913
12262	0.6294339833226427
12263	0.9488542726679712
12271	0.9157500000000001
12272	0.2072020408163265
12281	0.5496178021978022
12282	0.2786083516483516
12291	0.24232406779661017
12292	0.686688078817734
12293	0.5902278259811087
12294	1.054249111747851
12301	2.1483192233009705
12302	1.4213126016260162
12311	2.0338364210526314
12312	0.500530530612245
12321	0.5214381553398059
12322	0.5156410447761194
12331	1.652374134790528
12332	0.25227187500000003
12333	0.1689888
12341	0.31661395973154366
12342	0.1932742268041237
12351	0.497096036036036
12352	0.41438363636363634
12360	0.5951418701298701
12371	0.021413333333333333
12372	0.9647923607427056
12373	0.4884123711340206
12374	0.3264931386861314
12375	0.1342404081632653
12376	0.16264744186046512
12377	0.16536
12381	0.5822736000000001
12382	0.32092000000000004
12391	0.6412950553505535
12392	0.513844537037037
13001	0.8889991082802549
13002	1.344824
13003	0.9239912990936556
13011	0.8662960360360361
13012	0.31705525423728814
13013	0.21804102783725912
13014	0.5148571428571428
13021	0.4479567105263158
13022	0.13446333333333332
13023	0.5453913738019169
13031	0.8559815492957746
13032	0.580424098185699
13033	0.26079276283618585
13034	0.6524733033707866
13041	1.3151559624999998
13042	1.134447606557377
13043	3.23128
13051	0.8411446535677353
13052	0.5800754716981131
13060	0.6981025950196592
13070	0.9204521904761904
13081	0.6260827586206897
13082	0.95550336
13090	1.2603014666666668
13100	1.0767642023346304
13110	0.5184767346938776
13120	1.194125925925926
13130	0.4919387234042553
13140	0.6339282500000001
13150	0.7003400727272727
13160	1.0606174840085287
13171	0.7888554330708661
13172	1.0067375203252031
13181	0.2111471590909091
13182	0.4517409156626506
13183	0.24660748387096776
13184	0.4673597368421053
13185	0.42648568848758467
13191	0.4973336690647482
13192	1.7155213636363638
13201	0.45559285714285713
13202	0.16349666666666668
13211	0.28343322580645164
13212	0.288615
13221	1.274022105263158
13222	0.23776634146341463
13223	0.180588
13231	0.6246746666666667
13232	0.25779255319148936
13233	0.6090526618705036
13240	0.6572387172011661
13251	0.43583606557377047
13252	0.5076392592592592
13260	0.64668
13270	0.4373764285714286
13281	0.2826153191489362
13282	0.5208508695652174
13283	0.6787496350364963
13290	0.6295728205128205
13301	0.4675191397849462
13302	0.556715
13303	0.46793556886227544
13310	1.4284845267489712
13320	0.5630792831541218
13330	0.5173539267015707
13341	0.7508498220640569
13342	1.1932639999999999
13350	1.1463265648854961
14001	0.24952875962360993
14002	0.23532831608654753
14003	0.2579563010204081
14004	0.23903900000000003
14011	0.49654100577081617
14012	0.15063658423493045
14013	0.4005579080824089
14014	0.42186666666666667
14015	0.1791796623634558
14021	0.17204478260869566
14022	0.2868095238095238
14023	0.2693147977598009
14024	0.316853174366617
14025	2.431263086760789
14026	0.15168416988416988
14027	0.7646028333333333
14031	0.45019131046613897
14032	0.32930787644787646
14033	0.22378252983293556
14034	0.09294079635949944
14041	1.0722207337278107
14042	0.6311372564612325
14043	0.360324795640327
14044	0.564103448275862
14050	2.6437378976691512
14061	4.798058170809731
14062	0.9361225000000001
14071	0.2598127659574468
14072	0.4101664748201439
14073	0.9070086486486486
14074	0.259791730474732
14075	0.08504803370786518
14076	0.23154534031413615
14077	0.10347811594202899
14081	0.5572001824817518
14082	0.5595773659305994
14083	0.46984553608969865
14084	0.351225
14085	0.5012377021276596
14091	0.2398913043478261
14092	0.29410790096878364
14093	0.4957815384615385
14094	0.30216142372881355
14095	0.21882438596491227
14101	0.7297996761133605
14102	0.15186
14103	0.32857064220183485
14104	1.2639395505617979
14111	0.2085850334075724
14112	0.4181125
14113	0.43643265306122453
14114	0.41472732394366196
14121	0.23261150793650792
14122	0.11578192043895748
14123	0.3669275409836065
14124	0.09454369047619048
14125	0.2736694252873563
14131	0.45460326431181486
14132	0.3179201005025125
14133	0.32403690499510285
14141	0.44958105147864186
14142	0.43198233360723093
14151	0.30040800884955754
14152	0.22873781725888326
14153	0.5793882167487685
14160	0.7680421052631579
14170	0.4957140740740741
14181	0.5409321052631579
14182	0.3611957957957958
14183	0.24120413711583927
14191	5.302875
14192	2.350105081967213
14201	0.34828714285714285
14202	0.30073880597014924
14210	0.43349513513513516
14220	1.7937354330708661
14231	0.4406562711864407
14232	1.2049798809523808
14240	0.4835271317829457
14251	0.68096
14252	0.2459994029850746
14260	0.20687727272727274
14270	0.12287999999999999
14281	0.082983
14282	0.6617252173913043
14290	2.152977648766328
14301	0.8064
14302	0.9374118518518518
14303	0.1408
14304	0.1479904
14305	0.07311183673469387
14311	0.5460381818181819
14312	0.046713333333333336
14313	0.4393403947368421
14321	0.63282
14322	0.23613886792452832
14323	0.14882214285714285
14324	0.17020137931034482
14331	0.046414883720930236
14332	0.20167566878980892
14333	0.10275
14334	0.03452720930232558
14335	0.2144
14336	0.11583345504522323
14341	0.12748521739130436
14342	0.2751618947368421
14351	0.47006000000000003
14352	0.5928955555555555
14360	0.37092618556701035
14371	0.22179333333333334
14372	0.208278
14373	0.050305263157894735
14381	0.0808
14382	0.6249684615384615
14391	0.06786789473684211
14392	0.1953196460176991
14393	0.10621818181818182
14394	0.149511
14395	0.24246571428571428
14401	0.7825759999999999
14402	0.21917652173913044
14403	0.17507087719298248
14404	0.06125142857142857
14405	0.0450276923076923
14410	0.4939551351351351
14421	0.359259512195122
14422	0.2176318918918919
15000	0.9269895316804408
15010	2.023513247706422
15020	0.7640949771689498
15030	2.1534
15040	0.5410935153583617
15050	2.225794764397906
15060	0.8824403233256352
15070	0.5960880334728034
15080	0.7513660544217687
15090	1.373012380952381
